{"cameraMode":{"drawMode":0,"name":"Shaded","section":"Shading Mode"},"sceneLighting":false,"audioPlay":false,"sceneViewState":{"m_AlwaysRefresh":false,"showFog":true,"showSkybox":false,"showFlares":true,"showImageEffects":true,"showParticleSystems":true,"showVisualEffectGraphs":true,"m_FxEnabled":true},"in2DMode":false,"pivot":{"x":8.50516128540039,"y":2.0967886447906496,"z":18.85546112060547},"rotation":{"x":-0.23945946991443635,"y":-0.0037898733280599119,"z":0.0009354586945846677,"w":-0.9709052443504334},"size":4.6765007972717289,"orthographic":false}