{"cameraMode":{"drawMode":0,"name":"Shaded","section":"Shading Mode"},"sceneLighting":false,"audioPlay":false,"sceneViewState":{"m_AlwaysRefresh":false,"showFog":true,"showSkybox":false,"showFlares":true,"showImageEffects":true,"showParticleSystems":true,"showVisualEffectGraphs":true,"m_FxEnabled":true},"in2DMode":false,"pivot":{"x":0.08504948019981384,"y":-0.0317254401743412,"z":0.14687442779541017},"rotation":{"x":-0.02834685519337654,"y":0.7791594862937927,"z":-0.035327520221471789,"w":-0.6251940727233887},"size":0.1955665498971939,"orthographic":false}