{"cameraMode":{"drawMode":0,"name":"Shaded","section":"Shading Mode"},"sceneLighting":true,"audioPlay":false,"sceneViewState":{"m_AlwaysRefresh":false,"showFog":true,"showSkybox":true,"showFlares":true,"showImageEffects":true,"showParticleSystems":true,"showVisualEffectGraphs":true,"m_FxEnabled":true},"in2DMode":false,"pivot":{"x":-7.123399257659912,"y":5.135599136352539,"z":7.42961311340332},"rotation":{"x":-0.2886209189891815,"y":0.012059640139341355,"z":-0.0036337245255708696,"w":-0.9573678970336914},"size":15.143294334411621,"orthographic":true}