{"cameraMode":{"drawMode":0,"name":"Shaded","section":"Shading Mode"},"sceneLighting":true,"audioPlay":false,"sceneViewState":{"m_AlwaysRefresh":false,"showFog":true,"showSkybox":true,"showFlares":true,"showImageEffects":true,"showParticleSystems":true,"showVisualEffectGraphs":true,"m_FxEnabled":true},"in2DMode":false,"pivot":{"x":478.4574890136719,"y":38.75879669189453,"z":-30.187583923339845},"rotation":{"x":0.12716248631477357,"y":-0.16821159422397614,"z":0.021571965888142587,"w":0.9774966239929199},"size":17.925172805786134,"orthographic":false}