{"cameraMode":{"drawMode":0,"name":"Shaded","section":"Shading Mode"},"sceneLighting":true,"audioPlay":false,"sceneViewState":{"m_AlwaysRefresh":false,"showFog":true,"showSkybox":true,"showFlares":true,"showImageEffects":true,"showParticleSystems":true,"showVisualEffectGraphs":true,"m_FxEnabled":true},"in2DMode":false,"pivot":{"x":66.00960540771485,"y":79.37076568603516,"z":37.896244049072269},"rotation":{"x":0.28868430852890017,"y":0.1335482895374298,"z":-0.04098812863230705,"w":0.9474070072174072},"size":0.7348465919494629,"orthographic":false}