{"cameraMode":{"drawMode":0,"name":"Shaded","section":"Shading Mode"},"sceneLighting":true,"audioPlay":false,"sceneViewState":{"m_AlwaysRefresh":false,"showFog":true,"showSkybox":true,"showFlares":true,"showImageEffects":true,"showParticleSystems":true,"showVisualEffectGraphs":true,"m_FxEnabled":true},"in2DMode":false,"pivot":{"x":102.19135284423828,"y":-155.8470916748047,"z":-157.6819610595703},"rotation":{"x":0.010091559030115605,"y":-0.9861554503440857,"z":0.15207970142364503,"w":0.06547020375728607},"size":1.3998961448669434,"orthographic":false}