{"cameraMode":{"drawMode":0,"name":"Shaded","section":"Shading Mode"},"sceneLighting":true,"audioPlay":false,"sceneViewState":{"m_AlwaysRefresh":false,"showFog":true,"showSkybox":true,"showFlares":true,"showImageEffects":true,"showParticleSystems":true,"showVisualEffectGraphs":true,"m_FxEnabled":true},"in2DMode":false,"pivot":{"x":-17.790870666503908,"y":57.08454132080078,"z":-96.08153533935547},"rotation":{"x":0.18929630517959596,"y":0.062390320003032687,"z":-0.012329266406595707,"w":0.9800806641578674},"size":37.963436126708987,"orthographic":false}