{"cameraMode":{"drawMode":0,"name":"Shaded","section":"Shading Mode"},"sceneLighting":true,"audioPlay":false,"sceneViewState":{"m_AlwaysRefresh":false,"showFog":true,"showSkybox":true,"showFlares":true,"showImageEffects":true,"showParticleSystems":true,"showVisualEffectGraphs":true,"m_FxEnabled":true},"in2DMode":false,"pivot":{"x":533.7073364257813,"y":384.68756103515627,"z":-112.14075469970703},"rotation":{"x":-0.11107924580574036,"y":-0.019379163160920144,"z":0.0024124591145664455,"w":-0.9938220977783203},"size":30.666034698486329,"orthographic":false}