{"cameraMode":{"drawMode":0,"name":"Shaded","section":"Shading Mode"},"sceneLighting":true,"audioPlay":false,"sceneViewState":{"m_AlwaysRefresh":false,"showFog":true,"showSkybox":true,"showFlares":true,"showImageEffects":true,"showParticleSystems":true,"showVisualEffectGraphs":true,"m_FxEnabled":true},"in2DMode":false,"pivot":{"x":2.0319292545318605,"y":3.362229585647583,"z":-3.6315436363220217},"rotation":{"x":-0.07375569641590119,"y":0.013452684506773949,"z":-0.0008290506084449589,"w":-0.9973870515823364},"size":0.8977895975112915,"orthographic":false}