{"cameraMode":{"drawMode":0,"name":"Shaded","section":"Shading Mode"},"sceneLighting":true,"audioPlay":false,"sceneViewState":{"m_AlwaysRefresh":false,"showFog":true,"showSkybox":true,"showFlares":true,"showImageEffects":true,"showParticleSystems":true,"showVisualEffectGraphs":true,"m_FxEnabled":true},"in2DMode":false,"pivot":{"x":181.7353057861328,"y":581.4566040039063,"z":-663.1202392578125},"rotation":{"x":-0.25455987453460696,"y":-0.08054199069738388,"z":0.021282026544213296,"w":-0.9634657502174377},"size":2.8063299655914308,"orthographic":false}