{"cameraMode":{"drawMode":0,"name":"Shaded","section":"Shading Mode"},"sceneLighting":true,"audioPlay":false,"sceneViewState":{"m_AlwaysRefresh":false,"showFog":true,"showSkybox":true,"showFlares":true,"showImageEffects":true,"showParticleSystems":true,"showVisualEffectGraphs":true,"m_FxEnabled":true},"in2DMode":false,"pivot":{"x":94.97103881835938,"y":-161.20297241210938,"z":-86.13118743896485},"rotation":{"x":-0.049846164882183078,"y":0.49181148409843447,"z":-0.02821623533964157,"w":-0.8688172101974487},"size":1.6951682567596436,"orthographic":false}