{"cameraMode":{"drawMode":0,"name":"Shaded","section":"Shading Mode"},"sceneLighting":true,"audioPlay":false,"sceneViewState":{"m_AlwaysRefresh":false,"showFog":true,"showSkybox":true,"showFlares":true,"showImageEffects":true,"showParticleSystems":true,"showVisualEffectGraphs":true,"m_FxEnabled":true},"in2DMode":false,"pivot":{"x":1.276198387145996,"y":-11.296064376831055,"z":12.689616203308106},"rotation":{"x":-0.3928992748260498,"y":-0.01048619206994772,"z":0.004480414558202028,"w":-0.9195115566253662},"size":12.270391464233399,"orthographic":false}