{"cameraMode":{"drawMode":0,"name":"Shaded","section":"Shading Mode"},"sceneLighting":false,"audioPlay":false,"sceneViewState":{"m_AlwaysRefresh":false,"showFog":true,"showSkybox":false,"showFlares":true,"showImageEffects":true,"showParticleSystems":true,"showVisualEffectGraphs":true,"m_FxEnabled":true},"in2DMode":false,"pivot":{"x":-0.00008668331429362297,"y":-0.0000068461522459983829,"z":-0.002276929561048746},"rotation":{"x":0.009740802459418774,"y":0.9905116558074951,"z":-0.09868013113737107,"w":0.09654408693313599},"size":0.005166544578969479,"orthographic":false}