{"cameraMode":{"drawMode":0,"name":"Shaded","section":"Shading Mode"},"sceneLighting":false,"audioPlay":false,"sceneViewState":{"m_AlwaysRefresh":false,"showFog":true,"showSkybox":false,"showFlares":true,"showImageEffects":true,"showParticleSystems":true,"showVisualEffectGraphs":true,"m_FxEnabled":true},"in2DMode":false,"pivot":{"x":-0.06343674659729004,"y":1.012195110321045,"z":-0.11942911148071289},"rotation":{"x":0.1446225643157959,"y":-0.5817309021949768,"z":0.10604359209537506,"w":0.7933667898178101},"size":0.8562574982643127,"orthographic":false}