{"cameraMode":{"drawMode":0,"name":"Shaded","section":"Shading Mode"},"sceneLighting":false,"audioPlay":false,"sceneViewState":{"m_AlwaysRefresh":false,"showFog":true,"showSkybox":false,"showFlares":true,"showImageEffects":true,"showParticleSystems":true,"showVisualEffectGraphs":true,"m_FxEnabled":true},"in2DMode":false,"pivot":{"x":-0.0018719886429607869,"y":-0.0004884661175310612,"z":-0.0019648168236017229},"rotation":{"x":0.028939923271536828,"y":0.93985515832901,"z":-0.08227211236953736,"w":0.33074134588241579},"size":0.0043301270343363289,"orthographic":false}