{"cameraMode":{"drawMode":0,"name":"Shaded","section":"Shading Mode"},"sceneLighting":false,"audioPlay":false,"sceneViewState":{"m_AlwaysRefresh":false,"showFog":true,"showSkybox":false,"showFlares":true,"showImageEffects":true,"showParticleSystems":true,"showVisualEffectGraphs":true,"m_FxEnabled":true},"in2DMode":false,"pivot":{"x":3.4072413444519045,"y":0.16532626748085023,"z":4.69854211807251},"rotation":{"x":-0.01598895527422428,"y":-0.29555949568748476,"z":0.005212218500673771,"w":-0.9553881287574768},"size":2.151160478591919,"orthographic":false}