{"cameraMode":{"drawMode":0,"name":"Shaded","section":"Shading Mode"},"sceneLighting":false,"audioPlay":false,"sceneViewState":{"m_AlwaysRefresh":false,"showFog":true,"showSkybox":false,"showFlares":true,"showImageEffects":true,"showParticleSystems":true,"showVisualEffectGraphs":true,"m_FxEnabled":true},"in2DMode":false,"pivot":{"x":-1.9484012126922608,"y":1.3374642133712769,"z":0.6586370468139648},"rotation":{"x":0.003627170342952013,"y":0.7704703211784363,"z":0.004384396597743034,"w":-0.6374518871307373},"size":0.40131130814552309,"orthographic":false}