{"cameraMode":{"drawMode":0,"name":"Shaded","section":"Shading Mode"},"sceneLighting":false,"audioPlay":false,"sceneViewState":{"m_AlwaysRefresh":false,"showFog":true,"showSkybox":false,"showFlares":true,"showImageEffects":true,"showParticleSystems":true,"showVisualEffectGraphs":true,"m_FxEnabled":true},"in2DMode":false,"pivot":{"x":1.5439095497131348,"y":1.0244230031967164,"z":0.36227017641067507},"rotation":{"x":-0.16193684935569764,"y":0.8113811612129211,"z":-0.266185998916626,"w":-0.4947959780693054},"size":0.40336868166923525,"orthographic":false}