{"cameraMode":{"drawMode":0,"name":"Shaded","section":"Shading Mode"},"sceneLighting":false,"audioPlay":false,"sceneViewState":{"m_AlwaysRefresh":false,"showFog":true,"showSkybox":false,"showFlares":true,"showImageEffects":true,"showParticleSystems":true,"showVisualEffectGraphs":true,"m_FxEnabled":true},"in2DMode":false,"pivot":{"x":1.3415000438690186,"y":0.7409999370574951,"z":0.2669999599456787},"rotation":{"x":0.14809374511241914,"y":0.7576521039009094,"z":-0.18445375561714173,"w":0.6082923412322998},"size":2.3493599891662599,"orthographic":false}