{"cameraMode":{"drawMode":0,"name":"Shaded","section":"Shading Mode"},"sceneLighting":false,"audioPlay":false,"sceneViewState":{"m_AlwaysRefresh":false,"showFog":true,"showSkybox":false,"showFlares":true,"showImageEffects":true,"showParticleSystems":true,"showVisualEffectGraphs":true,"m_FxEnabled":true},"in2DMode":false,"pivot":{"x":18.237794876098634,"y":8.702589988708496,"z":3.410137891769409},"rotation":{"x":-0.13927574455738069,"y":0.7508935928344727,"z":-0.1671915203332901,"w":-0.6238654255867004},"size":0.0011173204984515906,"orthographic":false}