{"cameraMode":{"drawMode":0,"name":"Shaded","section":"Shading Mode"},"sceneLighting":false,"audioPlay":false,"sceneViewState":{"m_AlwaysRefresh":false,"showFog":true,"showSkybox":false,"showFlares":true,"showImageEffects":true,"showParticleSystems":true,"showVisualEffectGraphs":true,"m_FxEnabled":true},"in2DMode":false,"pivot":{"x":49.88158416748047,"y":16.744903564453126,"z":-29.118942260742189},"rotation":{"x":0.006806238554418087,"y":-0.9893910884857178,"z":0.0493217296898365,"w":0.13650883734226228},"size":70.71067810058594,"orthographic":false}