{"cameraMode":{"drawMode":0,"name":"Shaded","section":"Shading Mode"},"sceneLighting":false,"audioPlay":false,"sceneViewState":{"m_AlwaysRefresh":false,"showFog":true,"showSkybox":false,"showFlares":true,"showImageEffects":true,"showParticleSystems":true,"showVisualEffectGraphs":true,"m_FxEnabled":true},"in2DMode":false,"pivot":{"x":8.217740058898926,"y":6.419655799865723,"z":4.490780830383301},"rotation":{"x":-0.1612730473279953,"y":0.8181172609329224,"z":-0.27490705251693728,"w":-0.4790620505809784},"size":0.000017320508050033823,"orthographic":false}