{"cameraMode":{"drawMode":0,"name":"Shaded","section":"Shading Mode"},"sceneLighting":false,"audioPlay":false,"sceneViewState":{"m_AlwaysRefresh":false,"showFog":true,"showSkybox":false,"showFlares":true,"showImageEffects":true,"showParticleSystems":true,"showVisualEffectGraphs":true,"m_FxEnabled":true},"in2DMode":false,"pivot":{"x":7.296606063842773,"y":0.3028498888015747,"z":-1.4827156066894532},"rotation":{"x":-0.1652451455593109,"y":-0.32268446683883669,"z":0.05732366815209389,"w":-0.9302151203155518},"size":0.025980684906244279,"orthographic":false}