{"cameraMode":{"drawMode":0,"name":"Shaded","section":"Shading Mode"},"sceneLighting":false,"audioPlay":false,"sceneViewState":{"m_AlwaysRefresh":false,"showFog":true,"showSkybox":false,"showFlares":true,"showImageEffects":true,"showParticleSystems":true,"showVisualEffectGraphs":true,"m_FxEnabled":true},"in2DMode":false,"pivot":{"x":2.4253854751586916,"y":0.6869800090789795,"z":-2.3763928413391115},"rotation":{"x":-0.049846164882183078,"y":0.49181148409843447,"z":-0.02821623533964157,"w":-0.8688172101974487},"size":6.08290958404541,"orthographic":false}